5510,512,15,400,3000,90
7265,0,0,512,509,1.00,510,512,15,400,3000,90
7286,0,0,513,510,1.00,510,512,15,400,3000,90
12,510,0.00,510,512,15,400,3000,90
7265,0,0,512,509,1.00,510,512,15,400,3000,90
7286,0,0,513,510,1.00,510,512,15,400,3000,90
7309,0,0,53,509,1.00,510,512,15,400,30001077,0,0,512,509,1.00,509,512,15,400,3000,90
1099,0,0,512,510,1.00,509,512,15,400,3000,90
1121,0,0,512,510,1.00,509,512,15,400,3000,90
1143,0,0,512,510,1.00,509,512,15,400,3000,90
1166,0,0,511,509,1.41,509,512,15,400,3000,90
1187,0,0,511,510,2.24,509,512,15,400,3000,90
1210,0,0,511,509,2.24,509,512,15,400,3000,90
1231,0,0,511,509,1.41,509,512,15,400,3000,90
1254,0,0,511,510,1.41,509,512,15,400,3000,90
1276,0,0,512,510,1.41,509,512,15,400,3000,90
1298,0,0,511,510,1.41,509,512,15,400,3000,90
1320,0,0,511,510,1.41,509,512,15,400,3000,90
1343,0,0,511,510,1.00,509,512,15,400,3000,90
1364,0,0,511,510,1.41,509,512,15,400,3000,90
1387,0,0,512,510,1.41,509,512,15,400,3000,90
1410,0,0,511,510,1.41,509,512,15,400,3000,90
1431,0,0,511,510,1.41,509,512,15,400,3000,90
1454,0,0,512,509,1.41,509,512,15,400,3000,90
1476,0,0,511,510,1.41,509,512,15,400,3000,90
1498,0,0,511,510,1.41,509,512,15,400,3000,90
1520,0,0,511,510,1.41,509,512,15,400,3000,90
1542,0,0,511,510,1.00,509,512,15,400,3000,90
1564,0,0,511,510,1.41,509,512,15,400,3000,90
1587,0,0,511,509,1.00,509,512,15,400,3000,90
1608,0,0,512,510,1.41,509,512,15,400,3000,90
1631,0,0,511,510,1.00,509,512,15,400,3000,90
1653,0,0,512,510,1.00,509,512,15,400,3000,90
1675,0,0,511,510,1.41,509,512,15,400,3000,90
1697,0,0,511,510,1.41,509,512,15,400,3000,90
1719,0,0,511,510,1.41,509,512,15,400,3000,90
1741,0,0,512,510,1.00,509,512,15,400,3000,90
1764,0,0,511,510,1.41,509,512,15,400,3000,90
1785,0,0,512,510,1.00,509,512,15,400,3000,90
1808,0,0,512,509,1.41,509,512,15,400,3000,90
1830,0,0,511,510,1.41,509,512,15,400,3000,90
1852,0,0,511,510,1.41,509,512,15,400,3000,90
1874,0,0,511,510,1.41,509,512,15,400,3000,90
1897,0,0,511,510,1.00,509,512,15,400,3000,90
1918,0,0,511,510,1.41,509,512,15,400,3000,90
1941,0,0,511,509,1.41,509,512,15,400,3000,90
1963,0,0,511,509,1.00,509,512,15,400,3000,90
1985,0,0,512,509,1.41,509,512,15,400,3000,90
2008,0,0,512,509,1.41,509,512,15,400,3000,90
2029,0,0,511,509,1.00,509,512,15,400,3000,90
2052,0,0,511,510,1.41,509,512,15,400,3000,90
2074,0,0,511,510,1.41,509,512,15,400,3000,90
2096,0,0,511,509,1.41,509,512,15,400,3000,90
2118,0,0,511,510,1.41,509,512,15,400,3000,90
2141,0,0,511,510,1.00,509,512,15,400,3000,90
2162,0,0,511,510,1.41,509,512,15,400,3000,90
2185,0,0,511,510,1.41,509,512,15,400,3000,90
2206,0,0,511,510,1.41,509,512,15,400,3000,90
2229,0,0,511,510,1.41,509,512,15,400,3000,90
2251,0,0,512,510,1.41,509,512,15,400,3000,90
2273,0,0,512,510,1.00,509,512,15,400,3000,90
2295,0,0,512,510,1.00,509,512,15,400,3000,90
2318,0,0,512,510,1.41,509,512,15,400,3000,90
2339,0,0,511,510,1.41,509,512,15,400,3000,90
2362,0,0,511,509,1.41,509,512,15,400,3000,90
2384,0,0,511,510,1.00,509,512,15,400,3000,90
2406,0,0,511,510,1.00,509,512,15,400,3000,90
2428,0,0,512,510,1.41,509,512,15,400,3000,90
2450,0,0,511,509,0.00,509,512,15,400,3000,90
2472,0,0,511,510,1.41,509,512,15,400,3000,90
2495,0,0,512,510,0.00,509,512,15,400,3000,90
2516,0,0,512,509,1.41,509,512,15,400,3000,90
2539,0,0,512,510,1.41,509,512,15,400,3000,90
2561,0,0,511,510,1.41,509,512,15,400,3000,90
2583,0,0,511,510,1.41,509,512,15,400,3000,90
2606,0,0,511,510,1.00,509,512,15,400,3000,90
2627,0,0,511,510,1.41,509,512,15,400,3000,90
2650,0,0,511,510,1.41,509,512,15,400,3000,90
2672,0,0,511,510,1.41,509,512,15,400,3000,90
2694,0,0,511,510,1.41,509,512,15,400,3000,90
2716,0,0,512,510,2.24,509,512,15,400,3000,90
2738,0,0,511,510,1.00,509,512,15,400,3000,90
2760,0,0,512,510,1.00,509,512,15,400,3000,90
2783,0,0,512,510,1.00,509,512,15,400,3000,90
2804,0,0,511,510,1.41,509,512,15,400,3000,90
2827,0,0,511,510,1.41,509,512,15,400,3000,90
2849,0,0,511,509,1.41,509,512,15,400,3000,90
2871,0,0,511,510,1.41,509,512,15,400,3000,90
2893,0,0,511,510,1.41,509,512,15,400,3000,90
2916,0,0,511,510,1.41,509,512,15,400,3000,90
2937,0,0,512,510,1.41,509,512,15,400,3000,90
2960,0,0,511,510,1.41,509,512,15,400,3000,90
2981,0,0,511,509,1.41,509,512,15,400,3000,90
3004,0,0,511,510,1.41,509,512,15,400,3000,90
3026,0,0,511,509,1.41,509,512,15,400,3000,90
3048,0,0,511,510,1.41,509,512,15,400,3000,90
3070,0,0,512,510,1.41,509,512,15,400,3000,90
3093,0,0,511,509,1.41,509,512,15,400,3000,90
3115,0,0,511,510,1.41,509,512,15,400,3000,90
3137,0,0,511,510,1.41,509,512,15,400,3000,90
3160,0,0,511,510,1.00,509,512,15,400,3000,90
3181,0,0,512,510,1.41,509,512,15,400,3000,90
3204,0,0,512,510,1.41,509,512,15,400,3000,90
3225,0,0,511,510,1.00,509,512,15,400,3000,90
3248,0,0,511,510,1.00,509,512,15,400,3000,90
3270,0,0,511,509,1.00,509,512,15,400,3000,90
3292,0,0,511,510,1.00,509,512,15,400,3000,90
3314,0,0,512,510,1.00,509,512,15,400,3000,90
3337,0,0,512,510,1.00,509,512,15,400,3000,90
3358,0,0,511,510,1.41,509,512,15,400,3000,90
3381,0,0,511,510,1.00,509,512,15,400,3000,90
3402,0,0,511,510,1.41,509,512,15,400,3000,90
3425,0,0,512,509,1.41,509,512,15,400,3000,90
3447,0,0,511,510,1.41,509,512,15,400,3000,90
3469,0,0,511,510,1.41,509,512,15,400,3000,90
3491,0,0,511,510,1.41,509,512,15,400,3000,90
3514,0,0,511,509,1.41,509,512,15,400,3000,90
3535,0,0,511,510,1.41,509,512,15,400,3000,90
3558,0,0,512,510,1.41,509,512,15,400,3000,90
3580,0,0,511,510,1.41,509,512,15,400,3000,90
3602,0,0,512,510,0.00,509,512,15,400,3000,90
3624,0,0,511,510,1.00,509,512,15,400,3000,90
3646,0,0,512,510,0.00,509,512,15,400,3000,90
3668,0,0,512,509,1.00,509,512,15,400,3000,90
3690,0,0,512,510,1.41,509,512,15,400,3000,90
3713,0,0,511,510,1.41,509,512,15,400,3000,90
3735,0,0,511,510,1.41,509,512,15,400,3000,90
3757,0,0,511,510,1.41,509,512,15,400,3000,90
3779,0,0,511,510,1.41,509,512,15,400,3000,90
3802,0,0,511,510,1.41,509,512,15,400,3000,90
3823,0,0,512,510,1.41,509,512,15,400,3000,90
3846,0,0,511,510,1.41,509,512,15,400,3000,90
3868,0,0,512,509,1.41,509,512,15,400,3000,90
3890,0,0,511,510,1.41,509,512,15,400,3000,90
3912,0,0,511,510,1.41,509,512,15,400,3000,90
3935,0,0,511,510,1.00,509,512,15,400,3000,90
3956,0,0,512,509,1.41,509,512,15,400,3000,90
3979,0,0,511,509,1.41,509,512,15,400,3000,90
4000,0,0,512,510,1.41,509,512,15,400,3000,90
4023,0,0,511,510,1.41,509,512,15,400,3000,90
4045,0,0,511,509,1.41,509,512,15,400,3000,90
4067,0,0,512,510,1.00,509,512,15,400,3000,90
4089,0,0,511,509,1.00,509,512,15,400,3000,90
4112,0,0,511,509,1.41,509,512,15,400,3000,90
4133,0,0,511,509,1.41,509,512,15,400,3000,90
4156,0,0,512,511,1.41,509,512,15,400,3000,90
4178,0,0,511,510,1.41,509,512,15,400,3000,90
4200,0,0,511,510,1.00,509,512,15,400,3000,90
4222,0,0,512,510,1.00,509,512,15,400,3000,90
4244,0,0,511,510,1.00,509,512,15,400,3000,90
4267,0,0,512,509,0.00,509,512,15,400,3000,90
4289,0,0,511,510,1.00,509,512,15,400,3000,90
4311,0,0,511,510,1.00,509,512,15,400,3000,90
4333,0,0,511,510,1.00,509,512,15,400,3000,90
4355,0,0,512,509,1.00,509,512,15,400,3000,90
4377,0,0,511,510,1.00,509,512,15,400,3000,90
4400,0,0,511,510,1.00,509,512,15,400,3000,90
4421,0,0,512,510,1.00,509,512,15,400,3000,90
4444,0,0,511,510,0.00,509,512,15,400,3000,90
4465,0,0,511,510,1.41,509,512,15,400,3000,90
4488,0,0,511,510,1.00,509,512,15,400,3000,90
4510,0,0,511,509,1.00,509,512,15,400,3000,90
4532,0,0,512,510,1.41,509,512,15,400,3000,90
4554,0,0,512,510,1.00,509,512,15,400,3000,90
4577,0,0,512,509,1.41,509,512,15,400,3000,90
4598,0,0,511,510,0.00,509,512,15,400,3000,90
4621,0,0,511,510,1.00,509,512,15,400,3000,90
4642,0,0,511,510,1.00,509,512,15,400,3000,90
4665,0,0,511,510,1.41,509,512,15,400,3000,90
4687,0,0,511,510,1.41,509,512,15,400,3000,90
4709,0,0,511,510,1.00,509,512,15,400,3000,90
4731,0,0,511,510,1.00,509,512,15,400,3000,90
4754,0,0,512,510,1.41,509,512,15,400,3000,90
4775,0,0,511,510,1.41,509,512,15,400,3000,90
4798,0,0,511,510,1.00,509,512,15,400,3000,90
4819,0,0,511,510,1.41,509,512,15,400,3000,90
4842,0,0,512,510,1.00,509,512,15,400,3000,90
4865,0,0,512,510,1.41,509,512,15,400,3000,90
4886,0,0,511,510,1.00,509,512,15,400,3000,90
4909,0,0,511,509,1.00,509,512,15,400,3000,90
4931,0,0,512,510,1.00,509,512,15,400,3000,90
4953,0,0,512,510,1.41,509,512,15,400,3000,90
4975,0,0,511,510,1.41,509,512,15,400,3000,90
4997,0,0,511,509,0.00,509,512,15,400,3000,90
5019,0,0,512,510,1.00,509,512,15,400,3000,90
5042,0,0,512,510,1.00,509,512,15,400,3000,90
5063,0,0,512,509,1.41,509,512,15,400,3000,90
5086,0,0,512,509,1.00,509,512,15,400,3000,90
5107,0,0,512,510,1.00,509,512,15,400,3000,90
5130,0,0,512,510,1.00,509,512,15,400,3000,90
5152,0,0,512,509,1.00,509,512,15,400,3000,90
5174,0,0,511,510,1.00,509,512,15,400,3000,90
5196,0,0,511,510,1.00,509,512,15,400,3000,90
5219,0,0,512,510,0.00,509,512,15,400,3000,90
5240,0,0,511,510,1.00,509,512,15,400,3000,90
5263,0,0,511,510,1.00,509,512,15,400,3000,90
5284,0,0,512,510,1.00,509,512,15,400,3000,90
5307,0,0,512,510,1.41,509,512,15,400,3000,90
5329,0,0,512,509,1.00,509,512,15,400,3000,90
5351,0,0,511,510,1.41,509,512,15,400,3000,90
5373,0,0,512,510,1.00,509,512,15,400,3000,90
5396,0,0,511,509,1.41,509,512,15,400,3000,90
5417,0,0,511,511,1.00,509,512,15,400,3000,90
5440,0,0,512,510,1.00,509,512,15,400,3000,90
5462,0,0,511,510,1.00,509,512,15,400,3000,90
5484,0,0,512,510,1.41,509,512,15,400,3000,90
5507,0,0,511,510,1.41,509,512,15,400,3000,90
5528,0,0,512,510,1.41,509,512,15,400,3000,90
5551,0,0,512,511,1.41,509,512,15,400,3000,90
5573,0,0,511,510,1.41,509,512,15,400,3000,90
5595,0,0,511,510,1.41,509,512,15,400,3000,90
5617,0,0,512,510,1.00,509,512,15,400,3000,90
5639,0,0,511,510,2.00,509,512,15,400,3000,90
5661,0,0,512,510,1.00,509,512,15,400,3000,90
5684,0,0,512,509,1.00,509,512,15,400,3000,90
5705,0,0,512,510,1.00,509,512,15,400,3000,90
5728,0,0,511,510,1.00,509,512,15,400,3000,90
5750,0,0,511,510,1.00,509,512,15,400,3000,90
5772,0,0,512,509,1.00,509,512,15,400,3000,90
5794,0,0,512,510,1.00,509,512,15,400,3000,90
5816,0,0,512,510,0.00,509,512,15,400,3000,90
5838,0,0,512,510,1.00,509,512,15,400,3000,90
5861,0,0,511,510,1.00,509,512,15,400,3000,90
5882,0,0,512,510,1.41,509,512,15,400,3000,90
5905,0,0,512,510,1.00,509,512,15,400,3000,90
5926,0,0,512,510,1.41,509,512,15,400,3000,90
5949,0,0,512,510,1.41,509,512,15,400,3000,90
5971,0,0,511,510,1.00,509,512,15,400,3000,90
5993,0,0,511,510,1.41,509,512,15,400,3000,90
6016,0,0,511,510,1.41,509,512,15,400,3000,90
6038,0,0,512,510,1.41,509,512,15,400,3000,90
6060,0,0,511,510,1.41,509,512,15,400,3000,90
6082,0,0,511,510,1.00,509,512,15,400,3000,90
6105,0,0,512,510,1.41,509,512,15,400,3000,90
6126,0,0,512,510,1.00,509,512,15,400,3000,90
6149,0,0,512,509,2.00,509,512,15,400,3000,90
6170,0,0,511,510,0.00,509,512,15,400,3000,90
6193,0,0,512,509,1.00,509,512,15,400,3000,90
6215,0,0,511,510,1.41,509,512,15,400,3000,90
6237,0,0,512,510,1.00,509,512,15,400,3000,90
6259,0,0,511,510,1.00,509,512,15,400,3000,90
6281,0,0,512,510,1.00,509,512,15,400,3000,90
6303,0,0,511,510,1.00,509,512,15,400,3000,90
6326,0,0,512,510,1.41,509,512,15,400,3000,90
6347,0,0,512,510,1.41,509,512,15,400,3000,90
6370,0,0,512,509,1.41,509,512,15,400,3000,90
6392,0,0,512,510,1.00,509,512,15,400,3000,90
6414,0,0,512,510,1.00,509,512,15,400,3000,90
6436,0,0,511,510,0.00,509,512,15,400,3000,90
6458,0,0,512,511,1.00,509,512,15,400,3000,90
6480,0,0,511,510,1.41,509,512,15,400,3000,90
6503,0,0,511,510,1.41,509,512,15,400,3000,90
6524,0,0,512,510,1.00,509,512,15,400,3000,90
6547,0,0,512,510,1.41,509,512,15,400,3000,90
6569,0,0,511,510,1.00,509,512,15,400,3000,90
6591,0,0,512,510,1.00,509,512,15,400,3000,90
6614,0,0,511,510,1.00,509,512,15,400,3000,90
6635,0,0,511,510,1.00,509,512,15,400,3000,90
6658,0,0,512,509,1.41,509,512,15,400,3000,90
6680,0,0,511,510,1.41,509,512,15,400,3000,90
6702,0,0,511,510,1.41,509,512,15,400,3000,90
6724,0,0,511,510,0.00,509,512,15,400,3000,90
6746,0,0,512,510,1.00,509,512,15,400,3000,90
6768,0,0,512,510,1.41,509,512,15,400,3000,90
6791,0,0,512,510,1.00,509,512,15,400,3000,90
6812,0,0,511,510,0.00,509,512,15,400,3000,90
6835,0,0,512,510,1.00,509,512,15,400,3000,90
6856,0,0,511,510,0.00,509,512,15,400,3000,90
6879,0,0,512,510,1.00,509,512,15,400,3000,90
6901,0,0,511,510,1.00,509,512,15,400,3000,90
6923,0,0,511,510,1.41,509,512,15,400,3000,90
6945,0,0,511,510,1.41,509,512,15,400,3000,90
6968,0,0,512,509,1.00,509,512,15,400,3000,90
6989,0,0,511,510,1.41,509,512,15,400,3000,90
7012,0,0,511,510,1.41,509,512,15,400,3000,90
7033,0,0,512,510,1.41,509,512,15,400,3000,90
7056,0,0,512,509,1.00,509,512,15,400,3000,90
7078,0,0,512,509,1.41,509,512,15,400,3000,90
7100,0,0,511,510,1.41,509,512,15,400,3000,90
7122,0,0,511,510,0.00,509,512,15,400,3000,90
7145,0,0,512,510,1.41,509,512,15,400,3000,90
7166,0,0,512,510,1.00,509,512,15,400,3000,90
7189,0,0,511,510,1.00,509,512,15,400,3000,90
7211,0,0,512,510,1.00,509,512,15,400,3000,90
7233,0,0,512,509,1.41,509,512,15,400,3000,90
7256,0,0,511,510,1.00,509,512,15,400,3000,90
7277,0,0,511,509,1.00,509,512,15,400,3000,90
7300,0,0,512,510,1.41,509,512,15,400,3000,90
7322,0,0,512,510,1.41,509,512,15,400,3000,90
7344,0,0,511,510,1.41,509,512,15,400,3000,90
7366,0,0,511,509,1.00,509,512,15,400,3000,90
7389,0,0,511,510,1.00,509,512,15,400,3000,90
7410,0,0,511,510,1.41,509,512,15,400,3000,90
7433,0,0,511,509,1.41,509,512,15,400,3000,90
7454,0,0,512,510,1.41,509,512,15,400,3000,90
7477,0,0,511,510,1.00,509,512,15,400,3000,90
7499,0,0,512,510,1.41,509,512,15,400,3000,90
7521,0,0,511,509,1.00,509,512,15,400,3000,90
7543,0,0,512,510,0.00,509,512,15,400,3000,90
7565,0,0,511,509,1.00,509,512,15,400,3000,90
7587,0,0,511,510,1.41,509,512,15,400,3000,90
7610,0,0,511,510,1.00,509,512,15,400,3000,90
7631,0,0,512,510,1.41,509,512,15,400,3000,90
7654,0,0,512,509,1.41,509,512,15,400,3000,90
7676,0,0,511,510,1.00,509,512,15,400,3000,90
7698,0,0,512,510,1.41,509,512,15,400,3000,90
7720,0,0,511,509,0.00,509,512,15,400,3000,90
7742,0,0,511,509,1.41,509,512,15,400,3000,90
7764,0,0,512,510,1.00,509,512,15,400,3000,90
7787,0,0,512,510,1.00,509,512,15,400,3000,90
7809,0,0,512,510,1.00,509,512,15,400,3000,90
7831,0,0,511,511,1.41,509,512,15,400,3000,90
7854,0,0,511,510,1.00,509,512,15,400,3000,90
7875,0,0,511,510,1.00,509,512,15,400,3000,90
7898,0,0,511,509,1.41,509,512,15,400,3000,90
7919,0,0,512,510,0.00,509,512,15,400,3000,90
7942,0,0,512,510,1.00,509,512,15,400,3000,90
7964,0,0,512,510,1.41,509,512,15,400,3000,90
7986,0,0,512,510,1.41,509,512,15,400,3000,90
8008,0,0,511,510,1.00,509,512,15,400,3000,90
8031,0,0,511,510,1.41,509,512,15,400,3000,90
8052,0,0,512,510,1.41,509,512,15,400,3000,90
8075,0,0,511,510,1.00,509,512,15,400,3000,90
8096,0,0,511,509,1.00,509,512,15,400,3000,90
8119,0,0,511,510,1.41,509,512,15,400,3000,90
8141,0,0,512,510,1.00,509,512,15,400,3000,90
8163,0,0,511,510,1.41,509,512,15,400,3000,90
8185,0,0,511,510,1.41,509,512,15,400,3000,90
8208,0,0,511,510,1.41,509,512,15,400,3000,90
8229,0,0,511,510,1.41,509,512,15,400,3000,90
8252,0,0,511,510,1.00,509,512,15,400,3000,90
8273,0,0,512,510,1.41,509,512,15,400,3000,90
8296,0,0,512,510,1.00,509,512,15,400,3000,90
8318,0,0,511,510,1.00,509,512,15,400,3000,90
8340,0,0,511,510,1.41,509,512,15,400,3000,90
8363,0,0,511,510,1.00,509,512,15,400,3000,90
8385,0,0,512,510,1.41,509,512,15,400,3000,90
8407,0,0,512,509,1.00,509,512,15,400,3000,90
8429,0,0,512,510,1.41,509,512,15,400,3000,90
8452,0,0,511,510,1.41,509,512,15,400,3000,90
8473,0,0,511,509,1.41,509,512,15,400,3000,90
8496,0,0,512,510,1.41,509,512,15,400,3000,90
8517,0,0,511,509,1.00,509,512,15,400,3000,90
8540,0,0,511,509,1.00,509,512,15,400,3000,90
8562,0,0,512,510,1.00,509,512,15,400,3000,90
8584,0,0,511,509,1.00,509,512,15,400,3000,90
8606,0,0,512,510,1.41,509,512,15,400,3000,90
8629,0,0,511,510,1.00,509,512,15,400,3000,90
8650,0,0,512,510,1.41,509,512,15,400,3000,90
8673,0,0,511,510,1.00,509,512,15,400,3000,90
8694,0,0,512,510,1.41,509,512,15,400,3000,90
8717,0,0,512,509,1.00,509,512,15,400,3000,90
8739,0,0,511,510,1.00,509,512,15,400,3000,90
8761,0,0,511,510,1.41,509,512,15,400,3000,90
8783,0,0,512,509,1.00,509,512,15,400,3000,90
8806,0,0,512,510,1.41,509,512,15,400,3000,90
8827,0,0,512,510,1.00,509,512,15,400,3000,90
8850,0,0,511,510,1.41,509,512,15,400,3000,90
8871,0,0,512,510,0.00,509,512,15,400,3000,90
8894,0,0,512,510,1.00,509,512,15,400,3000,90
8916,0,0,511,510,1.41,509,512,15,400,3000,90
8938,0,0,511,510,1.00,509,512,15,400,3000,90
8961,0,0,511,510,1.00,509,512,15,400,3000,90
8983,0,0,511,510,1.41,509,512,15,400,3000,90
9005,0,0,511,510,0.00,509,512,15,400,3000,90
9027,0,0,512,509,1.41,509,512,15,400,3000,90
9049,0,0,511,510,1.41,509,512,15,400,3000,90
9071,0,0,511,510,1.00,509,512,15,400,3000,90
9094,0,0,512,510,1.41,509,512,15,400,3000,90
9115,0,0,511,509,1.41,509,512,15,400,3000,90
9138,0,0,511,510,1.41,509,512,15,400,3000,90
9160,0,0,511,510,1.00,509,512,15,400,3000,90
9182,0,0,511,510,1.41,509,512,15,400,3000,90
9204,0,0,511,510,1.00,509,512,15,400,3000,90
9226,0,0,511,510,1.00,509,512,15,400,3000,90
9248,0,0,511,510,1.41,509,512,15,400,3000,90
9271,0,0,512,510,1.00,509,512,15,400,3000,90
9292,0,0,510,510,1.41,509,512,15,400,3000,90
9315,0,0,512,510,1.41,509,512,15,400,3000,90
9337,0,0,512,510,1.00,509,512,15,400,3000,90
9359,0,0,512,509,1.41,509,512,15,400,3000,90
9381,0,0,511,510,1.00,509,512,15,400,3000,90
9403,0,0,511,509,2.24,509,512,15,400,3000,90
9425,0,0,511,509,1.41,509,512,15,400,3000,90
9448,0,0,511,510,1.00,509,512,15,400,3000,90
9469,0,0,512,510,1.00,509,512,15,400,3000,90
9492,0,0,512,509,1.41,509,512,15,400,3000,90
9515,0,0,511,510,1.41,509,512,15,400,3000,90
9536,0,0,511,510,1.00,509,512,15,400,3000,90
9559,0,0,511,510,1.41,509,512,15,400,3000,90
9581,0,0,511,510,1.41,509,512,15,400,3000,90
9603,0,0,511,510,1.41,509,512,15,400,3000,90
9625,0,0,511,510,1.41,509,512,15,400,3000,90
9647,0,0,511,510,1.00,509,512,15,400,3000,90
9669,0,0,511,510,1.00,509,512,15,400,3000,90
9692,0,0,512,510,1.41,509,512,15,400,3000,90
9713,0,0,511,510,1.41,509,512,15,400,3000,90
9736,0,0,512,509,1.41,509,512,15,400,3000,90
9758,0,0,511,510,1.00,509,512,15,400,3000,90
9780,0,0,512,510,1.00,509,512,15,400,3000,90
9802,0,0,511,509,1.41,509,512,15,400,3000,90
9824,0,0,511,509,1.41,509,512,15,400,3000,90
9846,0,0,511,509,0.00,509,512,15,400,3000,90
9869,0,0,511,509,1.00,509,512,15,400,3000,90
9890,0,0,512,510,1.00,509,512,15,400,3000,90
9913,0,0,511,510,1.41,509,512,15,400,3000,90
9935,0,0,512,510,1.41,509,512,15,400,3000,90
9957,0,0,511,510,1.00,509,512,15,400,3000,90
9979,0,0,511,510,1.41,509,512,15,400,3000,90
10001,0,0,512,510,1.41,509,512,15,400,3000,90
10023,0,0,512,510,1.00,509,512,15,400,3000,90
10046,0,0,512,510,1.00,509,512,15,400,3000,90
10067,0,0,511,509,1.00,509,512,15,400,3000,90
10090,0,0,512,511,1.41,509,512,15,400,3000,90
10113,0,0,511,509,1.41,509,512,15,400,3000,90
10134,0,0,511,509,1.00,509,512,15,400,3000,90
10157,0,0,511,510,1.00,509,512,15,400,3000,90
10179,0,0,511,509,1.41,509,512,15,400,3000,90
10201,0,0,511,510,1.41,509,512,15,400,3000,90
10223,0,0,511,510,1.41,509,512,15,400,3000,90
10246,0,0,511,510,1.00,509,512,15,400,3000,90
10267,0,0,511,510,1.00,509,512,15,400,3000,90
10290,0,0,512,509,1.00,509,512,15,400,3000,90
10312,0,0,512,510,1.41,509,512,15,400,3000,90
10334,0,0,511,510,1.41,509,512,15,400,3000,90
10356,0,0,512,510,1.00,509,512,15,400,3000,90
10379,0,0,511,510,1.41,509,512,15,400,3000,90
10400,0,0,512,510,1.00,509,512,15,400,3000,90
10423,0,0,512,510,1.00,509,512,15,400,3000,90
10445,0,0,511,510,1.00,509,512,15,400,3000,90
10467,0,0,511,510,1.41,509,512,15,400,3000,90
10489,0,0,512,509,1.00,509,512,15,400,3000,90
10512,0,0,511,510,0.00,509,512,15,400,3000,90
10533,0,0,511,510,1.41,509,512,15,400,3000,90
10556,0,0,512,510,1.41,509,512,15,400,3000,90
10578,0,0,512,510,1.41,509,512,15,400,3000,90
10600,0,0,512,510,1.00,509,512,15,400,3000,90
10622,0,0,512,510,1.00,509,512,15,400,3000,90
10645,0,0,511,509,1.00,509,512,15,400,3000,90
10667,0,0,511,509,1.00,509,512,15,400,3000,90
10689,0,0,511,510,0.00,509,512,15,400,3000,90
10711,0,0,511,510,1.41,509,512,15,400,3000,90
10733,0,0,511,510,1.00,509,512,15,400,3000,90
10756,0,0,511,510,1.41,509,512,15,400,3000,90
10777,0,0,512,510,1.41,509,512,15,400,3000,90
10800,0,0,511,510,1.41,509,512,15,400,3000,90
10822,0,0,511,510,1.41,509,512,15,400,3000,90
10844,0,0,512,510,1.00,509,512,15,400,3000,90
10866,0,0,511,510,1.41,509,512,15,400,3000,90
10889,0,0,512,510,1.41,509,512,15,400,3000,90
10910,0,0,512,510,0.00,509,512,15,400,3000,90
10933,0,0,512,509,1.00,509,512,15,400,3000,90
10955,0,0,512,510,1.41,509,512,15,400,3000,90
10977,0,0,512,510,1.41,509,512,15,400,3000,90
10999,0,0,512,510,1.00,509,512,15,400,3000,90
11022,0,0,512,510,1.41,509,512,15,400,3000,90
11043,0,0,511,510,1.41,509,512,15,400,3000,90
11066,0,0,512,510,1.41,509,512,15,400,3000,90
11088,0,0,511,510,1.00,509,512,15,400,3000,90
11110,0,0,511,510,1.41,509,512,15,400,3000,90
11132,0,0,511,510,1.41,509,512,15,400,3000,90
11155,0,0,512,509,1.00,509,512,15,400,3000,90
11176,0,0,511,509,1.41,509,512,15,400,3000,90
11199,0,0,511,510,0.00,509,512,15,400,3000,90
11222,0,0,512,510,1.41,509,512,15,400,3000,90
11243,0,0,511,510,1.41,509,512,15,400,3000,90
11266,0,0,512,510,1.41,509,512,15,400,3000,90
11288,0,0,512,510,1.41,509,512,15,400,3000,90
11310,0,0,512,510,1.00,509,512,15,400,3000,90
11332,0,0,511,510,1.41,509,512,15,400,3000,90
11355,0,0,512,510,1.41,509,512,15,400,3000,90
11376,0,0,512,511,1.41,509,512,15,400,3000,90
11399,0,0,511,510,1.00,509,512,15,400,3000,90
11421,0,0,512,510,1.00,509,512,15,400,3000,90
11443,0,0,511,510,1.41,509,512,15,400,3000,90
11465,0,0,512,510,0.00,509,512,15,400,3000,90
11487,0,0,511,510,1.41,509,512,15,400,3000,90
11509,0,0,512,509,1.41,509,512,15,400,3000,90
11532,0,0,511,509,1.00,509,512,15,400,3000,90
11553,0,0,512,510,1.41,509,512,15,400,3000,90
11576,0,0,512,510,1.41,509,512,15,400,3000,90
11598,0,0,512,510,1.41,509,512,15,400,3000,90
11620,0,0,511,510,0.00,509,512,15,400,3000,90
11642,0,0,511,510,1.41,509,512,15,400,3000,90
11665,0,0,511,510,1.00,509,512,15,400,3000,90
11686,0,0,512,509,1.00,509,512,15,400,3000,90
11709,0,0,511,510,2.00,509,512,15,400,3000,90
11731,0,0,511,510,2.24,509,512,15,400,3000,90
11753,0,0,511,510,1.41,509,512,15,400,3000,90
11776,0,0,511,510,1.41,509,512,15,400,3000,90
11798,0,0,511,509,1.00,509,512,15,400,3000,90
11820,0,0,512,510,1.41,509,512,15,400,3000,90
11842,0,0,511,510,1.00,509,512,15,400,3000,90
11865,0,0,511,510,1.00,509,512,15,400,3000,90
11886,0,0,511,510,2.24,509,512,15,400,3000,90
11909,0,0,511,510,1.41,509,512,15,400,3000,90
11931,0,0,511,510,1.41,509,512,15,400,3000,90
11953,0,0,511,509,1.41,509,512,15,400,3000,90
11975,0,0,512,511,1.41,509,512,15,400,3000,90
11998,0,0,511,510,1.41,509,512,15,400,3000,90
12019,0,0,512,510,1.00,509,512,15,400,3000,90
12042,0,0,512,510,1.00,509,512,15,400,3000,90
12064,0,0,512,510,1.00,509,512,15,400,3000,90
12086,0,0,511,510,1.00,509,512,15,400,3000,90
12108,0,0,511,510,1.41,509,512,15,400,3000,90
12131,0,0,511,510,1.41,509,512,15,400,3000,90
12152,0,0,511,510,1.00,509,512,15,400,3000,90
12175,0,0,512,510,1.41,509,512,15,400,3000,90
12197,0,0,511,509,0.00,509,512,15,400,3000,90
12219,0,0,512,509,1.41,509,512,15,400,3000,90
12241,0,0,511,510,1.41,509,512,15,400,3000,90
12264,0,0,511,510,1.41,509,512,15,400,3000,90
12285,0,0,511,510,0.00,509,512,15,400,3000,90
12308,0,0,511,510,1.41,509,512,15,400,3000,90
12331,0,0,511,509,1.41,509,512,15,400,3000,90
12352,0,0,512,510,1.41,509,512,15,400,3000,90
12375,0,0,511,510,1.41,509,512,15,400,3000,90
12397,0,0,511,510,1.41,509,512,15,400,3000,90
12419,0,0,511,510,1.41,509,512,15,400,3000,90
12441,0,0,512,510,1.00,509,512,15,400,3000,90
12464,0,0,511,510,1.41,509,512,15,400,3000,90
12485,0,0,512,510,1.00,509,512,15,400,3000,90
12508,0,0,511,510,1.00,509,512,15,400,3000,90
12529,0,0,511,510,1.00,509,512,15,400,3000,90
12552,0,0,511,510,1.41,509,512,15,400,3000,90
12574,0,0,512,510,1.00,509,512,15,400,3000,90
12596,0,0,511,510,1.00,509,512,15,400,3000,90
12618,0,0,512,509,1.00,509,512,15,400,3000,90
12641,0,0,511,510,1.00,509,512,15,400,3000,90
12662,0,0,511,510,1.41,509,512,15,400,3000,90
12685,0,0,511,510,1.00,509,512,15,400,3000,90
12707,0,0,511,510,1.00,509,512,15,400,3000,90
12729,0,0,511,510,1.41,509,512,15,400,3000,90
12751,0,0,511,510,1.41,509,512,15,400,3000,90
12774,0,0,511,510,1.00,509,512,15,400,3000,90
12795,0,0,511,510,1.41,509,512,15,400,3000,90
12818,0,0,511,510,1.00,509,512,15,400,3000,90
12840,0,0,511,509,1.41,509,512,15,400,3000,90
12862,0,0,512,510,1.41,509,512,15,400,3000,90
12884,0,0,512,510,1.41,509,512,15,400,3000,90
12907,0,0,512,510,1.41,509,512,15,400,3000,90
12929,0,0,511,510,1.41,509,512,15,400,3000,90
12951,0,0,512,510,0.00,509,512,15,400,3000,90
12974,0,0,511,510,1.00,509,512,15,400,3000,90
12995,0,0,511,510,1.00,509,512,15,400,3000,90
13018,0,0,511,510,1.00,509,512,15,400,3000,90
13040,0,0,512,510,1.00,509,512,15,400,3000,90
13062,0,0,511,510,1.00,509,512,15,400,3000,90
13084,0,0,511,509,1.41,509,512,15,400,3000,90
13107,0,0,511,510,1.41,509,512,15,400,3000,90
13128,0,0,511,510,1.41,509,512,15,400,3000,90
13151,0,0,512,509,1.00,509,512,15,400,3000,90
13173,0,0,511,510,1.41,509,512,15,400,3000,90
13195,0,0,511,509,1.00,509,512,15,400,3000,90
13217,0,0,512,510,1.41,509,512,15,400,3000,90
13240,0,0,512,510,1.41,509,512,15,400,3000,90
13261,0,0,511,510,1.00,509,512,15,400,3000,90
13284,0,0,511,510,1.41,509,512,15,400,3000,90
13306,0,0,511,510,1.41,509,512,15,400,3000,90
13328,0,0,512,510,1.41,509,512,15,400,3000,90
13350,0,0,512,510,1.41,509,512,15,400,3000,90
13373,0,0,511,510,1.41,509,512,15,400,3000,90
13394,0,0,511,510,1.41,509,512,15,400,3000,90
13417,0,0,512,509,1.00,509,512,15,400,3000,90
13440,0,0,512,510,1.00,509,512,15,400,3000,90
13461,0,0,512,510,1.41,509,512,15,400,3000,90
13484,0,0,511,510,1.41,509,512,15,400,3000,90
13506,0,0,512,510,1.41,509,512,15,400,3000,90
13528,0,0,512,510,1.41,509,512,15,400,3000,90
13550,0,0,511,510,1.41,509,512,15,400,3000,90
13573,0,0,512,510,1.00,509,512,15,400,3000,90
13594,0,0,511,510,1.00,509,512,15,400,3000,90
13617,0,0,511,510,1.41,509,512,15,400,3000,90
13639,0,0,511,510,1.00,509,512,15,400,3000,90
13661,0,0,511,510,1.00,509,512,15,400,3000,90
13683,0,0,511,509,1.00,509,512,15,400,3000,90
13706,0,0,511,509,1.00,509,512,15,400,3000,90
13727,0,0,511,510,1.00,509,512,15,400,3000,90
13750,0,0,511,510,1.41,509,512,15,400,3000,90
13771,0,0,512,510,1.41,509,512,15,400,3000,90
13794,0,0,511,510,1.00,509,512,15,400,3000,90
13816,0,0,511,510,1.00,509,512,15,400,3000,90
13838,0,0,512,510,2.00,509,512,15,400,3000,90
13860,0,0,512,510,1.41,509,512,15,400,3000,90
13883,0,0,511,509,1.00,509,512,15,400,3000,90
13904,0,0,512,510,1.41,509,512,15,400,3000,90
13927,0,0,512,510,1.00,509,512,15,400,3000,90
13949,0,0,511,510,2.00,509,512,15,400,3000,90
13971,0,0,512,510,1.41,509,512,15,400,3000,90
13993,0,0,511,510,1.41,509,512,15,400,3000,90
14016,0,0,511,509,1.41,509,512,15,400,3000,90
14038,0,0,512,510,1.41,509,512,15,400,3000,90
14060,0,0,511,510,1.41,509,512,15,400,3000,90
14083,0,0,512,509,1.41,509,512,15,400,3000,90
14104,0,0,511,509,1.41,509,512,15,400,3000,90
14127,0,0,511,509,1.41,509,512,15,400,3000,90
14149,0,0,511,510,1.00,509,512,15,400,3000,90
14171,0,0,512,510,1.41,509,512,15,400,3000,90
14193,0,0,511,510,1.00,509,512,15,400,3000,90
14216,0,0,512,509,0.00,509,512,15,400,3000,90
14237,0,0,511,510,1.41,509,512,15,400,3000,90
14260,0,0,511,510,0.00,509,512,15,400,3000,90
14282,0,0,511,510,1.00,509,512,15,400,3000,90
14304,0,0,511,509,1.41,509,512,15,400,3000,90
14326,0,0,512,510,1.41,509,512,15,400,3000,90
14349,0,0,511,510,1.41,509,512,15,400,3000,90
14370,0,0,511,510,1.41,509,512,15,400,3000,90
14393,0,0,512,510,1.00,509,512,15,400,3000,90
14415,0,0,511,510,1.41,509,512,15,400,3000,90
14437,0,0,511,510,1.00,509,512,15,400,3000,90
14459,0,0,512,510,1.41,509,512,15,400,3000,90
14482,0,0,511,510,1.41,509,512,15,400,3000,90
14503,0,0,511,510,1.00,509,512,15,400,3000,90
14526,0,0,511,509,1.00,509,512,15,400,3000,90
14548,0,0,511,510,1.41,509,512,15,400,3000,90
14570,0,0,511,510,1.41,509,512,15,400,3000,90
14593,0,0,511,510,1.41,509,512,15,400,3000,90
14615,0,0,512,510,1.41,509,512,15,400,3000,90
14637,0,0,512,510,0.00,509,512,15,400,3000,90
14659,0,0,511,510,1.41,509,512,15,400,3000,90
14681,0,0,511,510,1.00,509,512,15,400,3000,90
14703,0,0,512,510,1.41,509,512,15,400,3000,90
14726,0,0,512,510,1.41,509,512,15,400,3000,90
14747,0,0,512,510,1.00,509,512,15,400,3000,90
14770,0,0,511,510,1.00,509,512,15,400,3000,90
14792,0,0,511,510,1.00,509,512,15,400,3000,90
14814,0,0,511,510,1.41,509,512,15,400,3000,90
14836,0,0,512,510,0.00,509,512,15,400,3000,90
14859,0,0,511,510,1.41,509,512,15,400,3000,90
14880,0,0,511,509,1.41,509,512,15,400,3000,90
14903,0,0,512,510,1.41,509,512,15,400,3000,90
14925,0,0,511,510,1.41,509,512,15,400,3000,90
14947,0,0,511,510,1.41,509,512,15,400,3000,90
14969,0,0,511,510,1.41,509,512,15,400,3000,90
14992,0,0,511,510,1.00,509,512,15,400,3000,90
15013,0,0,511,509,1.41,509,512,15,400,3000,90
15036,0,0,511,510,0.00,509,512,15,400,3000,90
15057,0,0,512,511,1.00,509,512,15,400,3000,90
15080,0,0,511,510,1.00,509,512,15,400,3000,90
15102,0,0,511,510,1.41,509,512,15,400,3000,90
15124,0,0,512,510,1.41,509,512,15,400,3000,90
15147,0,0,511,510,1.41,509,512,15,400,3000,90
15169,0,0,511,510,0.00,509,512,15,400,3000,90
15191,0,0,511,510,1.41,509,512,15,400,3000,90
15213,0,0,511,509,1.41,509,512,15,400,3000,90
15236,0,0,512,509,1.41,509,512,15,400,3000,90
15257,0,0,511,510,1.00,509,512,15,400,3000,90
15280,0,0,512,510,1.00,509,512,15,400,3000,90
15302,0,0,512,510,1.00,509,512,15,400,3000,90
15324,0,0,511,510,1.00,509,512,15,400,3000,90
15346,0,0,511,510,1.41,509,512,15,400,3000,90
15369,0,0,511,510,1.00,509,512,15,400,3000,90
15390,0,0,511,510,1.41,509,512,15,400,3000,90
15413,0,0,511,509,1.00,509,512,15,400,3000,90
15435,0,0,512,510,1.41,509,512,15,400,3000,90
15457,0,0,512,510,1.41,509,512,15,400,3000,90
15479,0,0,511,510,1.00,509,512,15,400,3000,90
15502,0,0,511,510,1.41,509,512,15,400,3000,90
15523,0,0,511,510,1.41,509,512,15,400,3000,90
15546,0,0,511,510,1.41,509,512,15,400,3000,90
15568,0,0,512,509,1.41,509,512,15,400,3000,90
15590,0,0,511,509,0.00,509,512,15,400,3000,90
15612,0,0,511,510,1.41,509,512,15,400,3000,90
15635,0,0,512,510,1.41,509,512,15,400,3000,90
15656,0,0,512,510,0.00,509,512,15,400,3000,90
15679,0,0,511,510,1.00,509,512,15,400,3000,90
15700,0,0,512,510,1.41,509,512,15,400,3000,90
15723,0,0,512,511,1.41,509,512,15,400,3000,90
15746,0,0,511,510,1.00,509,512,15,400,3000,90
15767,0,0,513,510,1.00,509,512,15,400,3000,90
15790,0,0,513,509,1.41,509,512,15,400,3000,90
15812,0,0,512,510,1.41,509,512,15,400,3000,90
15834,0,0,512,510,1.41,509,512,15,400,3000,90
15856,0,0,512,509,1.41,509,512,15,400,3000,90
15879,0,0,512,510,1.00,509,512,15,400,3000,90
15900,0,0,512,509,1.41,509,512,15,400,3000,90
15923,0,0,513,510,1.00,509,512,15,400,3000,90
15945,0,0,512,510,1.00,509,512,15,400,3000,90
15967,0,0,512,510,0.00,509,512,15,400,3000,90
15989,0,0,512,510,1.00,509,512,15,400,3000,90
16012,0,0,512,510,1.00,509,512,15,400,3000,90
16033,0,0,512,510,1.00,509,512,15,400,3000,90
16056,0,0,512,510,0.00,509,512,15,400,3000,90
16077,0,0,512,510,1.00,509,512,15,400,3000,90
16100,0,0,512,510,1.00,509,512,15,400,3000,90
16122,0,0,511,510,1.41,509,512,15,400,3000,90
16144,0,0,512,510,0.00,509,512,15,400,3000,90
16166,0,0,512,509,1.00,509,512,15,400,3000,90
16189,0,0,513,509,1.41,509,512,15,400,3000,90
16210,0,0,511,509,0.00,509,512,15,400,3000,90
16233,0,0,511,509,1.00,509,512,15,400,3000,90
16256,0,0,511,510,1.00,509,512,15,400,3000,90
16277,0,0,511,510,1.00,509,512,15,400,3000,90
16300,0,0,512,509,0.00,509,512,15,400,3000,90
16321,0,0,512,509,1.41,509,512,15,400,3000,90
16344,0,0,511,509,0.00,509,512,15,400,3000,90
16366,0,0,512,509,1.00,509,512,15,400,3000,90
16388,0,0,511,509,1.41,509,512,15,400,3000,90
16410,0,0,511,509,1.00,509,512,15,400,3000,90
16433,0,0,511,509,0.00,509,512,15,400,3000,90
16454,0,0,512,509,0.00,509,512,15,400,3000,90
16477,0,0,512,510,1.00,509,512,15,400,3000,90
16498,0,0,512,510,0.00,509,512,15,400,3000,90
16521,0,0,511,509,0.00,509,512,15,400,3000,90
16543,0,0,511,509,1.00,509,512,15,400,3000,90
16565,0,0,512,509,0.00,509,512,15,400,3000,90
16587,0,0,511,509,1.00,509,512,15,400,3000,90
16609,0,0,512,510,1.00,509,512,15,400,3000,90
16631,0,0,512,509,0.00,509,512,15,400,3000,90
16654,0,0,511,509,0.00,509,512,15,400,3000,90
16675,0,0,512,509,1.00,509,512,15,400,3000,90
16698,0,0,512,509,1.00,509,512,15,400,3000,90
16719,0,0,511,509,1.00,509,512,15,400,3000,90
16742,0,0,511,509,0.00,509,512,15,400,3000,90
16764,0,0,513,510,0.00,509,512,15,400,3000,90
16786,0,0,512,509,0.00,509,512,15,400,3000,90
16808,0,0,512,509,1.00,509,512,15,400,3000,90
16830,0,0,512,509,0.00,509,512,15,400,3000,90
16852,0,0,512,509,0.00,509,512,15,400,3000,90
16874,0,0,513,509,2.00,509,512,15,400,3000,90
16897,0,0,513,510,1.41,509,512,15,400,3000,90
16919,0,0,514,510,1.00,509,512,15,400,3000,90
16941,0,0,514,510,1.00,509,512,15,400,3000,90
16963,0,0,514,509,1.41,509,512,15,400,3000,90
16986,0,0,514,509,2.00,509,512,15,400,3000,90
17007,0,0,513,509,2.00,509,512,15,400,3000,90
17030,0,0,514,509,1.00,509,512,15,400,3000,90
17052,0,0,514,509,2.00,509,512,15,400,3000,90
17074,0,0,513,509,1.00,509,512,15,400,3000,90
17096,0,0,513,508,1.00,509,512,15,400,3000,90
17119,0,0,513,508,1.00,509,512,15,400,3000,90
17140,0,0,513,509,1.00,509,512,15,400,3000,90
17163,0,0,513,509,1.00,509,512,15,400,3000,90
17185,0,0,512,509,1.00,509,512,15,400,3000,90
17207,0,0,512,509,1.00,509,512,15,400,3000,90
17229,0,0,512,509,0.00,509,512,15,400,3000,90
17252,0,0,512,509,0.00,509,512,15,400,3000,90
17273,0,0,512,509,1.41,509,512,15,400,3000,90
17296,0,0,513,509,1.00,509,512,15,400,3000,90
17317,0,0,512,509,0.00,509,512,15,400,3000,90
17340,0,0,512,509,0.00,509,512,15,400,3000,90
17362,0,0,512,509,1.00,509,512,15,400,3000,90
17384,0,0,512,509,0.00,509,512,15,400,3000,90
17406,0,0,511,510,1.00,509,512,15,400,3000,90
17428,0,0,511,509,0.00,509,512,15,400,3000,90
17451,0,0,511,510,1.00,509,512,15,400,3000,90
17473,0,0,512,509,0.00,509,512,15,400,3000,90
17495,0,0,512,510,1.00,509,512,15,400,3000,90
17517,0,0,511,509,0.00,509,512,15,400,3000,90
17539,0,0,512,509,1.00,509,512,15,400,3000,90
17561,0,0,512,510,1.00,509,512,15,400,3000,90
17584,0,0,512,509,1.00,509,512,15,400,3000,90
17605,0,0,512,509,1.41,509,512,15,400,3000,90
17628,0,0,512,509,0.00,509,512,15,400,3000,90
17650,0,0,511,510,0.00,509,512,15,400,3000,90
17672,0,0,512,509,0.00,509,512,15,400,3000,90
17694,0,0,512,510,0.00,509,512,15,400,3000,90
17716,0,0,512,509,1.00,509,512,15,400,3000,90
17738,0,0,512,510,0.00,509,512,15,400,3000,90
17760,0,0,512,509,1.41,509,512,15,400,3000,90
17782,0,0,513,510,0.00,509,512,15,400,3000,90
17805,0,0,512,510,1.00,509,512,15,400,3000,90
17826,0,0,512,510,0.00,509,512,15,400,3000,90
17849,0,0,512,509,0.00,509,512,15,400,3000,90
17870,0,0,512,509,0.00,509,512,15,400,3000,90
17893,0,0,512,510,1.00,509,512,15,400,3000,90
17915,0,0,512,509,1.41,509,512,15,400,3000,90
17937,0,0,512,510,1.00,509,512,15,400,3000,90
17959,0,0,512,510,2.00,509,512,15,400,3000,90
17982,0,0,512,509,1.00,509,512,15,400,3000,90
18003,0,0,512,509,1.41,509,512,15,400,3000,90
18026,0,0,512,509,1.00,509,512,15,400,3000,90
18049,0,0,512,510,1.00,509,512,15,400,3000,90
18070,0,0,511,510,1.00,509,512,15,400,3000,90
18093,0,0,512,510,0.00,509,512,15,400,3000,90
18115,0,0,512,510,1.00,509,512,15,400,3000,90
18137,0,0,512,509,1.00,509,512,15,400,3000,90
18159,0,0,512,509,1.00,509,512,15,400,3000,90
18182,0,0,512,509,1.00,509,512,15,400,3000,90
18203,0,0,512,509,0.00,509,512,15,400,3000,90
18226,0,0,512,509,0.00,509,512,15,400,3000,90
18247,0,0,512,510,1.41,509,512,15,400,3000,90
18270,0,0,511,510,0.00,509,512,15,400,3000,90
18291,0,0,512,510,0.00,509,512,15,400,3000,90
18314,0,0,512,509,0.00,509,512,15,400,3000,90
18336,0,0,512,510,1.00,509,512,15,400,3000,90
18358,0,0,512,509,1.00,509,512,15,400,3000,90
18380,0,0,512,510,1.00,509,512,15,400,3000,90
18403,0,0,512,510,1.00,509,512,15,400,3000,90
18424,0,0,512,510,1.00,509,512,15,400,3000,90
18447,0,0,512,510,1.41,509,512,15,400,3000,90
18469,0,0,512,510,0.00,509,512,15,400,3000,90
18491,0,0,511,510,1.00,509,512,15,400,3000,90
18513,0,0,512,510,1.00,509,512,15,400,3000,90
18535,0,0,511,509,0.00,509,512,15,400,3000,90
18557,0,0,512,510,0.00,509,512,15,400,3000,90
18580,0,0,512,509,1.00,509,512,15,400,3000,90
18601,0,0,511,509,0.00,509,512,15,400,3000,90
18624,0,0,512,509,0.00,509,512,15,400,3000,90
18646,0,0,512,510,1.41,509,512,15,400,3000,90
18668,0,0,512,510,1.00,509,512,15,400,3000,90
18691,0,0,512,510,0.00,509,512,15,400,3000,90
18712,0,0,512,510,1.41,509,512,15,400,3000,90
18735,0,0,512,510,1.00,509,512,15,400,3000,90
18756,0,0,512,509,1.00,509,512,15,400,3000,90
18779,0,0,512,510,1.00,509,512,15,400,3000,90
18801,0,0,512,510,0.00,509,512,15,400,3000,90
18823,0,0,512,510,1.41,509,512,15,400,3000,90
18845,0,0,512,510,1.41,509,512,15,400,3000,90
18868,0,0,512,510,0.00,509,512,15,400,3000,90
18889,0,0,512,509,1.41,509,512,15,400,3000,90
18912,0,0,512,509,1.00,509,512,15,400,3000,90
18934,0,0,512,510,1.41,509,512,15,400,3000,90
18956,0,0,512,510,1.00,509,512,15,400,3000,90
18978,0,0,512,510,0.00,509,512,15,400,3000,90
19000,0,0,512,510,1.00,509,512,15,400,3000,90
19022,0,0,511,509,0.00,509,512,15,400,3000,90
19045,0,0,512,510,1.41,509,512,15,400,3000,90
19066,0,0,512,510,1.00,509,512,15,400,3000,90
19089,0,0,511,510,1.41,509,512,15,400,3000,90
19111,0,0,512,510,0.00,509,512,15,400,3000,90
19133,0,0,512,510,1.00,509,512,15,400,3000,90
19155,0,0,511,510,0.00,509,512,15,400,3000,90
19177,0,0,512,510,1.00,509,512,15,400,3000,90
19200,0,0,511,510,0.00,509,512,15,400,3000,90
19222,0,0,513,510,1.00,509,512,15,400,3000,90
19244,0,0,511,509,1.00,509,512,15,400,3000,90
19266,0,0,512,509,1.00,509,512,15,400,3000,90
19289,0,0,511,510,1.00,509,512,15,400,3000,90
19310,0,0,512,510,1.00,509,512,15,400,3000,90
19333,0,0,511,510,0.00,509,512,15,400,3000,90
19355,0,0,512,509,0.00,509,512,15,400,3000,90
19377,0,0,512,510,1.00,509,512,15,400,3000,90
19399,0,0,512,510,1.00,509,512,15,400,3000,90
19421,0,0,512,510,1.00,509,512,15,400,3000,90
19443,0,0,512,509,1.41,509,512,15,400,3000,90
19466,0,0,512,509,1.41,509,512,15,400,3000,90
19487,0,0,511,510,1.00,509,512,15,400,3000,90
19510,0,0,512,509,1.00,509,512,15,400,3000,90
19532,0,0,512,510,1.41,509,512,15,400,3000,90
19554,0,0,513,510,1.41,509,512,15,400,3000,90
19576,0,0,512,510,0.00,509,512,15,400,3000,90
19599,0,0,513,510,1.00,509,512,15,400,3000,90
19620,0,0,512,509,1.00,509,512,15,400,3000,90
19643,0,0,512,510,1.00,509,512,15,400,3000,90
19665,0,0,512,510,1.00,509,512,15,400,3000,90
19687,0,0,512,509,0.00,509,512,15,400,3000,90
19709,0,0,511,509,0.00,509,512,15,400,3000,90
19731,0,0,512,509,1.00,509,512,15,400,3000,90
19753,0,0,511,510,1.41,509,512,15,400,3000,90
19776,0,0,512,509,0.00,509,512,15,400,3000,90
19798,0,0,512,510,0.00,509,512,15,400,3000,90
19820,0,0,512,510,1.41,509,512,15,400,3000,90
19842,0,0,512,510,0.00,509,512,15,400,3000,90
19864,0,0,512,509,1.00,509,512,15,400,3000,90
19887,0,0,512,510,0.00,509,512,15,400,3000,90
19908,0,0,512,510,1.00,509,512,15,400,3000,90
19931,0,0,511,509,1.00,509,512,15,400,3000,90
19953,0,0,512,509,1.00,509,512,15,400,3000,90
19975,0,0,512,509,1.00,509,512,15,400,3000,90
19997,0,0,512,510,1.41,509,512,15,400,3000,90
20019,0,0,512,510,0.00,509,512,15,400,3000,90
20041,0,0,512,509,0.00,509,512,15,400,3000,90
20064,0,0,511,510,1.00,509,512,15,400,3000,90
20085,0,0,512,509,0.00,509,512,15,400,3000,90
20108,0,0,512,509,0.00,509,512,15,400,3000,90
20129,0,0,512,510,1.00,509,512,15,400,3000,90
20152,0,0,512,509,0.00,509,512,15,400,3000,90
20174,0,0,512,509,1.00,509,512,15,400,3000,90
20196,0,0,512,509,0.00,509,512,15,400,3000,90
20218,0,0,512,509,0.00,509,512,15,400,3000,90
20240,0,0,512,510,0.00,509,512,15,400,3000,90
20262,0,0,512,510,1.00,509,512,15,400,3000,90
20284,0,0,512,510,1.00,509,512,15,400,3000,90
20306,0,0,511,509,1.00,509,512,15,400,3000,90
20329,0,0,512,510,1.00,509,512,15,400,3000,90
20350,0,0,512,509,0.00,509,512,15,400,3000,90
20373,0,0,512,510,1.00,509,512,15,400,3000,90
20396,0,0,512,510,1.00,509,512,15,400,3000,90
20417,0,0,512,510,1.00,509,512,15,400,3000,90
20440,0,0,512,510,0.00,509,512,15,400,3000,90
20462,0,0,512,509,1.00,509,512,15,400,3000,90
20484,0,0,511,509,1.41,509,512,15,400,3000,90
20506,0,0,512,511,1.00,509,512,15,400,3000,90
20529,0,0,511,510,1.00,509,512,15,400,3000,90
20550,0,0,512,510,0.00,509,512,15,400,3000,90
20573,0,0,512,510,1.00,509,512,15,400,3000,90
20594,0,0,513,510,0.00,509,512,15,400,3000,90
20617,0,0,512,510,1.00,509,512,15,400,3000,90
20639,0,0,512,509,0.00,509,512,15,400,3000,90
20661,0,0,512,510,1.00,509,512,15,400,3000,90
20683,0,0,512,509,0.00,509,512,15,400,3000,90
20705,0,0,512,510,0.00,509,512,15,400,3000,90
20727,0,0,512,510,0.00,509,512,15,400,3000,90
20749,0,0,512,509,1.00,509,512,15,400,3000,90
20771,0,0,512,510,0.00,509,512,15,400,3000,90
20794,0,0,512,509,1.00,509,512,15,400,3000,90
20815,0,0,512,510,0.00,509,512,15,400,3000,90
20838,0,0,512,509,1.00,509,512,15,400,3000,90
20860,0,0,512,510,1.00,509,512,15,400,3000,90
20882,0,0,511,510,1.00,509,512,15,400,3000,90
20904,0,0,512,510,1.00,509,512,15,400,3000,90
20926,0,0,512,510,1.00,509,512,15,400,3000,90
20948,0,0,512,510,1.00,509,512,15,400,3000,90
20971,0,0,512,509,1.00,509,512,15,400,3000,90
20993,0,0,512,509,1.00,509,512,15,400,3000,90
21015,0,0,512,510,1.41,509,512,15,400,3000,90
21038,0,0,512,510,1.00,509,512,15,400,3000,90
21059,0,0,511,510,1.00,509,512,15,400,3000,90
21082,0,0,512,510,0.00,509,512,15,400,3000,90
21104,0,0,512,509,1.00,509,512,15,400,3000,90
21126,0,0,512,510,1.41,509,512,15,400,3000,90
21148,0,0,512,510,0.00,509,512,15,400,3000,90
21170,0,0,511,510,0.00,509,512,15,400,3000,90
21192,0,0,512,510,1.00,509,512,15,400,3000,90
21215,0,0,512,510,1.00,509,512,15,400,3000,90
21236,0,0,512,510,1.00,509,512,15,400,3000,90
21259,0,0,512,510,0.00,509,512,15,400,3000,90
21281,0,0,511,510,1.00,509,512,15,400,3000,90
21303,0,0,512,509,1.00,509,512,15,400,3000,90
21325,0,0,512,510,1.00,509,512,15,400,3000,90
21348,0,0,512,510,1.41,509,512,15,400,3000,90
21369,0,0,512,510,1.00,509,512,15,400,3000,90
21392,0,0,512,510,0.00,509,512,15,400,3000,90
21413,0,0,512,510,0.00,509,512,15,400,3000,90
21436,0,0,512,510,0.00,509,512,15,400,3000,90
21458,0,0,511,511,1.00,509,512,15,400,3000,90
21480,0,0,512,509,1.00,509,512,15,400,3000,90
21502,0,0,512,510,0.00,509,512,15,400,3000,90
21524,0,0,512,509,0.00,509,512,15,400,3000,90
21547,0,0,512,510,1.00,509,512,15,400,3000,90
21569,0,0,512,510,1.00,509,512,15,400,3000,90
21591,0,0,512,510,1.00,509,512,15,400,3000,90
21613,0,0,513,510,1.41,509,512,15,400,3000,90
21636,0,0,512,510,1.00,509,512,15,400,3000,90
21657,0,0,512,510,1.00,509,512,15,400,3000,90
21680,0,0,512,510,1.00,509,512,15,400,3000,90
21702,0,0,512,510,1.00,509,512,15,400,3000,90
21724,0,0,512,509,1.00,509,512,15,400,3000,90
21746,0,0,512,510,0.00,509,512,15,400,3000,90
21768,0,0,512,511,1.00,509,512,15,400,3000,90
21790,0,0,512,510,1.00,509,512,15,400,3000,90
21813,0,0,512,510,1.00,509,512,15,400,3000,90
21834,0,0,512,509,1.00,509,512,15,400,3000,90
21857,0,0,512,509,1.00,509,512,15,400,3000,90
21879,0,0,512,510,1.00,509,512,15,400,3000,90
21901,0,0,512,510,2.00,509,512,15,400,3000,90
21923,0,0,512,510,1.41,509,512,15,400,3000,90
21946,0,0,512,510,1.00,509,512,15,400,3000,90
21967,0,0,511,510,1.00,509,512,15,400,3000,90
21990,0,0,512,510,1.00,509,512,15,400,3000,90
22012,0,0,512,510,1.00,509,512,15,400,3000,90
22034,0,0,512,510,1.00,509,512,15,400,3000,90
22056,0,0,512,510,1.00,509,512,15,400,3000,90
22079,0,0,512,510,1.41,509,512,15,400,3000,90
22100,0,0,512,509,1.00,509,512,15,400,3000,90
22123,0,0,512,510,1.00,509,512,15,400,3000,90
22146,0,0,512,509,0.00,509,512,15,400,3000,90
22167,0,0,511,510,1.00,509,512,15,400,3000,90
22190,0,0,512,509,0.00,509,512,15,400,3000,90
22211,0,0,512,509,1.00,509,512,15,400,3000,90
22234,0,0,512,510,1.00,509,512,15,400,3000,90
22256,0,0,512,510,1.00,509,512,15,400,3000,90
22278,0,0,512,509,1.00,509,512,15,400,3000,90
22300,0,0,512,510,0.00,509,512,15,400,3000,90
22323,0,0,512,509,1.00,509,512,15,400,3000,90
22344,0,0,512,509,1.00,509,512,15,400,3000,90
22367,0,0,512,510,1.00,509,512,15,400,3000,90
22389,0,0,512,509,1.00,509,512,15,400,3000,90
22411,0,0,512,510,1.00,509,512,15,400,3000,90
22433,0,0,512,509,1.00,509,512,15,400,3000,90
22455,0,0,512,509,0.00,509,512,15,400,3000,90
22477,0,0,512,510,1.00,509,512,15,400,3000,90
22500,0,0,512,509,1.00,509,512,15,400,3000,90
22521,0,0,511,510,1.00,509,512,15,400,3000,90
22544,0,0,512,509,1.00,509,512,15,400,3000,90
22566,0,0,512,510,1.00,509,512,15,400,3000,90
22588,0,0,512,510,1.00,509,512,15,400,3000,90
22610,0,0,513,509,0.00,509,512,15,400,3000,90
22633,0,0,513,509,1.41,509,512,15,400,3000,90
22654,0,0,512,509,1.00,509,512,15,400,3000,90
22677,0,0,512,510,1.00,509,512,15,400,3000,90
22700,0,0,513,509,1.41,509,512,15,400,3000,90
22721,0,0,513,510,1.00,509,512,15,400,3000,90
22744,0,0,513,510,1.41,509,512,15,400,3000,90
22766,0,0,512,510,1.00,509,512,15,400,3000,90
22788,0,0,512,510,0.00,509,512,15,400,3000,90
22810,0,0,512,509,1.00,509,512,15,400,3000,90
22832,0,0,512,510,1.00,509,512,15,400,3000,90
22854,0,0,513,510,1.41,509,512,15,400,3000,90
22877,0,0,512,510,1.00,509,512,15,400,3000,90
22898,0,0,512,511,1.41,509,512,15,400,3000,90
22921,0,0,512,510,1.00,509,512,15,400,3000,90
22943,0,0,512,510,1.41,509,512,15,400,3000,90
22965,0,0,512,510,1.00,509,512,15,400,3000,90
22987,0,0,512,509,1.41,509,512,15,400,3000,90
23010,0,0,512,509,1.00,509,512,15,400,3000,90
23031,0,0,512,509,1.00,509,512,15,400,3000,90
23054,0,0,512,510,1.00,509,512,15,400,3000,90
23076,0,0,512,509,1.00,509,512,15,400,3000,90
23098,0,0,513,510,0.00,509,512,15,400,3000,90
23120,0,0,512,511,0.00,509,512,15,400,3000,90
23142,0,0,512,510,1.00,509,512,15,400,3000,90
23164,0,0,513,510,1.00,509,512,15,400,3000,90
23187,0,0,512,510,1.00,509,512,15,400,3000,90
23208,0,0,512,509,0.00,509,512,15,400,3000,90
23231,0,0,512,510,0.00,509,512,15,400,3000,90
23252,0,0,512,509,0.00,509,512,15,400,3000,90
23275,0,0,512,509,1.41,509,512,15,400,3000,90
23298,0,0,512,510,1.00,509,512,15,400,3000,90
23319,0,0,512,510,1.00,509,512,15,400,3000,90
23342,0,0,512,510,0.00,509,512,15,400,3000,90
23364,0,0,512,510,1.00,509,512,15,400,3000,90
23386,0,0,512,510,1.00,509,512,15,400,3000,90
23408,0,0,512,510,1.00,509,512,15,400,3000,90
23431,0,0,512,510,1.00,509,512,15,400,3000,90
23452,0,0,512,509,0.00,509,512,15,400,3000,90
23475,0,0,512,510,1.00,509,512,15,400,3000,90
23496,0,0,513,510,1.00,509,512,15,400,3000,90
23519,0,0,512,510,1.00,509,512,15,400,3000,90
23541,0,0,513,510,1.00,509,512,15,400,3000,90
23563,0,0,512,510,1.00,509,512,15,400,3000,90
23585,0,0,511,510,1.00,509,512,15,400,3000,90
23608,0,0,512,510,1.00,509,512,15,400,3000,90
23629,0,0,512,510,1.00,509,512,15,400,3000,90
23652,0,0,512,509,1.00,509,512,15,400,3000,90
23674,0,0,512,510,1.00,509,512,15,400,3000,90
23696,0,0,513,509,1.00,509,512,15,400,3000,90
23718,0,0,512,510,1.00,509,512,15,400,3000,90
23741,0,0,511,510,0.00,509,512,15,400,3000,90
23762,0,0,512,511,1.00,509,512,15,400,3000,90
23785,0,0,512,509,1.00,509,512,15,400,3000,90
23806,0,0,512,510,1.00,509,512,15,400,3000,90
23829,0,0,512,510,1.00,509,512,15,400,3000,90
23852,0,0,512,509,1.00,509,512,15,400,3000,90
23873,0,0,512,509,1.00,509,512,15,400,3000,90
23896,0,0,512,510,1.00,509,512,15,400,3000,90
23918,0,0,512,510,1.00,509,512,15,400,3000,90
23940,0,0,511,510,1.00,509,512,15,400,3000,90
23962,0,0,512,510,1.00,509,512,15,400,3000,90
23985,0,0,512,510,0.00,509,512,15,400,3000,90
24006,0,0,512,510,1.00,509,512,15,400,3000,90
24029,0,0,512,510,1.00,509,512,15,400,3000,90
24051,0,0,512,510,1.00,509,512,15,400,3000,90
24073,0,0,513,510,0.00,509,512,15,400,3000,90
24095,0,0,513,509,1.00,509,512,15,400,3000,90
24117,0,0,512,509,1.00,509,512,15,400,3000,90
24139,0,0,512,509,1.00,509,512,15,400,3000,90
24162,0,0,511,510,1.00,509,512,15,400,3000,90
24183,0,0,512,510,1.00,509,512,15,400,3000,90
24206,0,0,512,509,1.41,509,512,15,400,3000,90
24228,0,0,512,510,1.41,509,512,15,400,3000,90
24250,0,0,512,510,1.41,509,512,15,400,3000,90
24272,0,0,512,510,1.00,509,512,15,400,3000,90
24295,0,0,512,510,0.00,509,512,15,400,3000,90
24316,0,0,512,510,1.00,509,512,15,400,3000,90
24339,0,0,512,509,1.00,509,512,15,400,3000,90
24360,0,0,512,510,0.00,509,512,15,400,3000,90
24383,0,0,512,510,1.00,509,512,15,400,3000,90
24406,0,0,512,510,0.00,509,512,15,400,3000,90
24427,0,0,512,510,1.00,509,512,15,400,3000,90
24450,0,0,512,510,1.41,509,512,15,400,3000,90
24472,0,0,512,510,0.00,509,512,15,400,3000,90
24494,0,0,512,509,1.00,509,512,15,400,3000,90
24516,0,0,512,510,1.00,509,512,15,400,3000,90
24538,0,0,512,510,1.00,509,512,15,400,3000,90
24560,0,0,512,510,1.00,509,512,15,400,3000,90
24583,0,0,512,510,1.00,509,512,15,400,3000,90
24604,0,0,512,510,1.00,509,512,15,400,3000,90
24627,0,0,512,510,1.00,509,512,15,400,3000,90
24649,0,0,512,510,1.00,509,512,15,400,3000,90
24671,0,0,512,510,1.00,509,512,15,400,3000,90
24693,0,0,512,510,1.00,509,512,15,400,3000,90
24716,0,0,513,510,1.00,509,512,15,400,3000,90
24737,0,0,512,509,1.00,509,512,15,400,3000,90
24760,0,0,512,509,1.00,509,512,15,400,3000,90
24782,0,0,512,509,1.00,509,512,15,400,3000,90
24804,0,0,512,510,1.00,509,512,15,400,3000,90
24826,0,0,512,510,0.00,509,512,15,400,3000,90
24848,0,0,512,509,1.00,509,512,15,400,3000,90
24870,0,0,512,510,1.00,509,512,15,400,3000,90
24893,0,0,512,510,1.00,509,512,15,400,3000,90
24914,0,0,512,510,1.00,509,512,15,400,3000,90
24937,0,0,512,510,1.00,509,512,15,400,3000,90
24960,0,0,513,510,1.00,509,512,15,400,3000,90
24981,0,0,512,510,1.00,509,512,15,400,3000,90
25004,0,0,511,510,1.00,509,512,15,400,3000,90
25026,0,0,512,510,0.00,509,512,15,400,3000,90
25048,0,0,512,510,1.00,509,512,15,400,3000,90
25070,0,0,511,510,1.41,509,512,15,400,3000,90
25093,0,0,512,510,1.00,509,512,15,400,3000,90
25114,0,0,512,510,1.41,509,512,15,400,3000,90
25137,0,0,512,510,1.00,509,512,15,400,3000,90
25159,0,0,513,510,1.00,509,512,15,400,3000,90
25181,0,0,512,510,1.00,509,512,15,400,3000,90
25203,0,0,512,510,1.00,509,512,15,400,3000,90
25226,0,0,512,509,1.00,509,512,15,400,3000,90
25247,0,0,513,510,1.41,509,512,15,400,3000,90
25270,0,0,512,510,1.00,509,512,15,400,3000,90
25292,0,0,512,510,1.00,509,512,15,400,3000,90
25314,0,0,512,510,1.00,509,512,15,400,3000,90
25336,0,0,512,509,1.00,509,512,15,400,3000,90
25359,0,0,512,509,1.00,509,512,15,400,3000,90
25380,0,0,512,510,0.00,509,512,15,400,3000,90
25403,0,0,512,510,1.41,509,512,15,400,3000,90
25424,0,0,512,510,1.00,509,512,15,400,3000,90
25447,0,0,512,510,1.00,509,512,15,400,3000,90
25469,0,0,512,510,1.00,509,512,15,400,3000,90
25491,0,0,512,510,1.00,509,512,15,400,3000,90
25513,0,0,512,509,1.00,509,512,15,400,3000,90
25536,0,0,513,510,1.00,509,512,15,400,3000,90
25558,0,0,513,510,1.00,509,512,15,400,3000,90
25580,0,0,513,510,1.00,509,512,15,400,3000,90
25603,0,0,511,510,1.00,509,512,15,400,3000,90
25624,0,0,512,510,1.00,509,512,15,400,3000,90
25647,0,0,512,510,2.00,509,512,15,400,3000,90
25669,0,0,512,509,1.00,509,512,15,400,3000,90
25691,0,0,512,510,1.00,509,512,15,400,3000,90
25713,0,0,513,510,1.00,509,512,15,400,3000,90
25736,0,0,512,510,0.00,509,512,15,400,3000,90
25757,0,0,512,510,0.00,509,512,15,400,3000,90
25780,0,0,512,509,1.00,509,512,15,400,3000,90
25801,0,0,513,509,1.00,509,512,15,400,3000,90
25824,0,0,512,510,1.00,509,512,15,400,3000,90
25846,0,0,512,509,0.00,509,512,15,400,3000,90
25868,0,0,512,510,1.00,509,512,15,400,3000,90
25890,0,0,513,510,1.00,509,512,15,400,3000,90
25913,0,0,512,510,1.00,509,512,15,400,3000,90
25934,0,0,512,510,0.00,509,512,15,400,3000,90
25957,0,0,512,510,1.00,509,512,15,400,3000,90
25978,0,0,512,509,1.00,509,512,15,400,3000,90
26001,0,0,512,510,1.41,509,512,15,400,3000,90
26023,0,0,512,510,1.00,509,512,15,400,3000,90
26045,0,0,512,510,1.00,509,512,15,400,3000,90
26067,0,0,512,509,1.00,509,512,15,400,3000,90
26090,0,0,512,510,1.00,509,512,15,400,3000,90
26112,0,0,512,509,2.00,509,512,15,400,3000,90
26134,0,0,512,510,1.00,509,512,15,400,3000,90
26157,0,0,511,509,1.00,509,512,15,400,3000,90
26178,0,0,512,510,0.00,509,512,15,400,3000,90
26201,0,0,512,509,1.00,509,512,15,400,3000,90
26223,0,0,512,510,1.41,509,512,15,400,3000,90
26245,0,0,512,510,1.00,509,512,15,400,3000,90
26267,0,0,512,510,1.00,509,512,15,400,3000,90
26290,0,0,512,510,1.41,509,512,15,400,3000,90
26311,0,0,512,510,1.00,509,512,15,400,3000,90
26334,0,0,512,510,1.00,509,512,15,400,3000,90
26356,0,0,512,510,1.00,509,512,15,400,3000,90
26378,0,0,512,511,1.00,509,512,15,400,3000,90
26400,0,0,512,509,1.41,509,512,15,400,3000,90
26422,0,0,512,510,1.00,509,512,15,400,3000,90
26444,0,0,513,510,1.00,509,512,15,400,3000,90
26467,0,0,512,510,1.00,509,512,15,400,3000,90
26488,0,0,512,509,0.00,509,512,15,400,3000,90
26511,0,0,512,510,1.00,509,512,15,400,3000,90
26533,0,0,512,510,1.00,509,512,15,400,3000,90
26555,0,0,512,510,1.00,509,512,15,400,3000,90
26577,0,0,512,509,1.00,509,512,15,400,3000,90
26600,0,0,512,510,1.00,509,512,15,400,3000,90
26621,0,0,512,510,0.00,509,512,15,400,3000,90
26644,0,0,513,510,1.00,509,512,15,400,3000,90
26667,0,0,512,510,1.00,509,512,15,400,3000,90
26688,0,0,513,510,1.00,509,512,15,400,3000,90
26711,0,0,512,510,1.41,509,512,15,400,3000,90
26732,0,0,512,510,1.00,509,512,15,400,3000,90
26755,0,0,512,509,1.00,509,512,15,400,3000,90
26777,0,0,512,510,1.00,509,512,15,400,3000,90
26799,0,0,512,510,1.00,509,512,15,400,3000,90
26821,0,0,512,510,1.00,509,512,15,400,3000,90
26844,0,0,512,510,1.00,509,512,15,400,3000,90
26865,0,0,512,510,1.00,509,512,15,400,3000,90
26888,0,0,512,509,1.00,509,512,15,400,3000,90
26910,0,0,512,510,1.00,509,512,15,400,3000,90
26932,0,0,512,510,1.00,509,512,15,400,3000,90
26954,0,0,512,509,2.24,509,512,15,400,3000,90
26977,0,0,512,510,0.00,509,512,15,400,3000,90
26998,0,0,511,510,1.00,509,512,15,400,3000,90
27021,0,0,512,510,1.00,509,512,15,400,3000,90
27043,0,0,512,510,1.00,509,512,15,400,3000,90
27065,0,0,512,510,1.41,509,512,15,400,3000,90
27087,0,0,512,510,0.00,509,512,15,400,3000,90
27109,0,0,512,509,1.00,509,512,15,400,3000,90
27131,0,0,512,510,1.00,509,512,15,400,3000,90
27154,0,0,512,510,0.00,509,512,15,400,3000,90
27175,0,0,513,510,2.24,509,512,15,400,3000,90
27198,0,0,512,510,0.00,509,512,15,400,3000,90
27220,0,0,512,510,1.41,509,512,15,400,3000,90
27242,0,0,512,510,1.00,509,512,15,400,3000,90
27265,0,0,512,510,1.00,509,512,15,400,3000,90
27287,0,0,512,510,1.00,509,512,15,400,3000,90
27309,0,0,512,510,1.00,509,512,15,400,3000,90
27331,0,0,512,510,1.00,509,512,15,400,3000,90
27354,0,0,512,510,1.00,509,512,15,400,3000,90
27375,0,0,512,510,1.00,509,512,15,400,3000,90
27398,0,0,512,510,1.00,509,512,15,400,3000,90
27420,0,0,512,510,1.41,509,512,15,400,3000,90
27442,0,0,512,510,1.00,509,512,15,400,3000,90
27464,0,0,512,510,1.00,509,512,15,400,3000,90
27486,0,0,512,510,0.00,509,512,15,400,3000,90
27508,0,0,512,510,2.00,509,512,15,400,3000,90
27531,0,0,512,510,1.00,509,512,15,400,3000,90
27552,0,0,512,509,1.00,509,512,15,400,3000,90
27575,0,0,512,510,1.00,509,512,15,400,3000,90
27597,0,0,512,510,1.00,509,512,15,400,3000,90
27619,0,0,512,509,1.00,509,512,15,400,3000,90
27641,0,0,512,509,0.00,509,512,15,400,3000,90
27664,0,0,512,510,1.00,509,512,15,400,3000,90
27685,0,0,512,509,0.00,509,512,15,400,3000,90
27708,0,0,512,510,1.00,509,512,15,400,3000,90
27729,0,0,512,510,1.00,509,512,15,400,3000,90
27752,0,0,512,510,1.00,509,512,15,400,3000,90
27774,0,0,512,509,1.00,509,512,15,400,3000,90
27796,0,0,512,510,1.41,509,512,15,400,3000,90
27819,0,0,512,510,1.00,509,512,15,400,3000,90
27841,0,0,512,510,1.00,509,512,15,400,3000,90
27863,0,0,512,509,1.00,509,512,15,400,3000,90
27885,0,0,513,510,1.00,509,512,15,400,3000,90
27908,0,0,512,510,0.00,509,512,15,400,3000,90
27929,0,0,512,509,1.00,509,512,15,400,3000,90
27952,0,0,512,510,1.00,509,512,15,400,3000,90
27973,0,0,512,509,0.00,509,512,15,400,3000,90
27996,0,0,511,510,1.00,509,512,15,400,3000,90
28018,0,0,512,510,0.00,509,512,15,400,3000,90
28040,0,0,512,509,1.00,509,512,15,400,3000,90
28062,0,0,512,510,1.00,509,512,15,400,3000,90
28085,0,0,512,510,1.00,509,512,15,400,3000,90
28106,0,0,512,509,1.00,509,512,15,400,3000,90
28129,0,0,512,509,1.00,509,512,15,400,3000,90
28151,0,0,512,509,1.00,509,512,15,400,3000,90
28173,0,0,512,509,1.00,509,512,15,400,3000,90
28195,0,0,512,510,1.00,509,512,15,400,3000,90
28218,0,0,513,510,1.00,509,512,15,400,3000,90
28239,0,0,511,510,0.00,509,512,15,400,3000,90
28262,0,0,512,510,1.00,509,512,15,400,3000,90
28283,0,0,512,510,1.00,509,512,15,400,3000,90
28306,0,0,511,509,1.00,509,512,15,400,3000,90
28328,0,0,512,510,1.00,509,512,15,400,3000,90
28350,0,0,513,510,0.00,509,512,15,400,3000,90
28372,0,0,512,510,1.41,509,512,15,400,3000,90
28395,0,0,512,510,1.00,509,512,15,400,3000,90
28417,0,0,512,510,1.00,509,512,15,400,3000,90
28439,0,0,512,509,1.41,509,512,15,400,3000,90
28462,0,0,512,510,0.00,509,512,15,400,3000,90
28483,0,0,512,510,1.00,509,512,15,400,3000,90
28506,0,0,512,509,1.00,509,512,15,400,3000,90
28527,0,0,512,509,1.00,509,512,15,400,3000,90
28550,0,0,513,510,1.00,509,512,15,400,3000,90
28572,0,0,512,510,1.00,509,512,15,400,3000,90
28594,0,0,512,510,1.00,509,512,15,400,3000,90
28616,0,0,512,510,1.41,509,512,15,400,3000,90
28639,0,0,512,509,1.00,509,512,15,400,3000,90
28660,0,0,512,511,1.00,509,512,15,400,3000,90
28683,0,0,512,510,1.00,509,512,15,400,3000,90
28705,0,0,512,510,1.00,509,512,15,400,3000,90
28727,0,0,512,510,1.00,509,512,15,400,3000,90
28749,0,0,513,510,1.00,509,512,15,400,3000,90
28772,0,0,512,510,1.00,509,512,15,400,3000,90
28793,0,0,513,510,1.00,509,512,15,400,3000,90
28816,0,0,512,510,1.00,509,512,15,400,3000,90
28838,0,0,512,510,1.00,509,512,15,400,3000,90
28860,0,0,512,510,1.00,509,512,15,400,3000,90
28882,0,0,512,510,1.00,509,512,15,400,3000,90
28905,0,0,511,510,1.00,509,512,15,400,3000,90
28926,0,0,512,510,0.00,509,512,15,400,3000,90
28949,0,0,512,510,1.00,509,512,15,400,3000,90
28971,0,0,511,510,1.00,509,512,15,400,3000,90
28993,0,0,513,510,1.00,509,512,15,400,3000,90
29016,0,0,513,510,1.41,509,512,15,400,3000,90
29037,0,0,513,510,1.00,509,512,15,400,3000,90
29060,0,0,512,510,1.00,509,512,15,400,3000,90
29082,0,0,513,510,1.00,509,512,15,400,3000,90
29104,0,0,512,510,0.00,509,512,15,400,3000,90
29126,0,0,512,509,0.00,509,512,15,400,3000,90
29148,0,0,512,509,1.00,509,512,15,400,3000,90
29170,0,0,512,510,1.00,509,512,15,400,3000,90
29193,0,0,512,510,2.24,509,512,15,400,3000,90
29214,0,0,512,510,1.00,509,512,15,400,3000,90
29237,0,0,513,510,1.00,509,512,15,400,3000,90
29259,0,0,512,510,1.00,509,512,15,400,3000,90
29281,0,0,512,509,1.00,509,512,15,400,3000,90
29303,0,0,512,510,1.41,509,512,15,400,3000,90
29326,0,0,512,510,1.41,509,512,15,400,3000,90
29347,0,0,512,510,1.00,509,512,15,400,3000,90
29370,0,0,512,510,1.00,509,512,15,400,3000,90
29392,0,0,512,510,0.00,509,512,15,400,3000,90
29414,0,0,512,509,1.00,509,512,15,400,3000,90
29436,0,0,512,509,1.00,509,512,15,400,3000,90
29459,0,0,512,510,0.00,509,512,15,400,3000,90
29480,0,0,512,509,1.00,509,512,15,400,3000,90
29503,0,0,512,509,1.00,509,512,15,400,3000,90
29524,0,0,512,509,1.00,509,512,15,400,3000,90
29547,0,0,512,509,1.00,509,512,15,400,3000,90
29570,0,0,512,510,1.00,509,512,15,400,3000,90
29591,0,0,512,510,1.41,509,512,15,400,3000,90
29614,0,0,512,510,1.00,509,512,15,400,3000,90
29636,0,0,512,509,0.00,509,512,15,400,3000,90
29658,0,0,512,510,0.00,509,512,15,400,3000,90
29680,0,0,512,510,1.00,509,512,15,400,3000,90
29702,0,0,512,510,1.00,509,512,15,400,3000,90
29724,0,0,512,509,0.00,509,512,15,400,3000,90
29747,0,0,512,510,1.00,509,512,15,400,3000,90
29768,0,0,512,510,1.00,509,512,15,400,3000,90
29791,0,0,512,510,1.00,509,512,15,400,3000,90
29813,0,0,512,510,1.00,509,512,15,400,3000,90
29835,0,0,512,509,1.00,509,512,15,400,3000,90
29857,0,0,512,510,1.00,509,512,15,400,3000,90
